1,A++,redbull,Red Bull,"1,488","54,132","14,129,949"
2,A++,spi0n,Spi0n,"14,425","48,205","996,704,812"
3,A++,contvreal,ConTV Hub™ 4K,60,"43,478","550,827"
4,A++,humtv,HUM TV,"1,012","40,973","93,184,034"
5,A++,watchmojo,WatchMojo,"14,536","37,011","31,968,298"
6,A++,splashnews,Splash News TV,"27,241","30,031","95,969,376"
7,A++,karimdebbache,Karim Debbache,45,"29,893","12,204,135"
8,A+,got7,GOT7,206,"29,478","350,320"
9,A+,tjhinnjatngo,Thai4U Channel,"4,704","29,279","14,855,189"
10,A+,arynews,ARY NEWS,"73,124","28,103","160,096,350"
11,A+,bangtansubs2,bangtansubs,"1,081","28,082","7,897,907"
12,A+,techinside,Tech Inside,42,"26,989","1,933,837"
13,A+,sohailshoukat2704,HD Hungama Official Channel,"3,506","26,965","27,165,097"
14,A+,cokestudiopakistan,Coke Studio Pakistan,335,"26,188","16,683,073"
15,A+,jypentertainment,JYP Nation,958,"25,716","7,716,754"
16,A+,fanreviews,FanReviews,"4,698","25,005","58,702,935"
17,A+,twiceonair,TWICE,109,"24,800","753,720"
18,A+,geonews,Geo News,"49,555","22,831","73,200,823"
19,A+,odn,ODN,"43,001","22,369","66,827,525"
20,A+,smashplus,SMASH FLIX,"9,961","21,791","71,060,494"
21,A+,bts,BTS,4,"21,752","13,328"
22,A+,arydigitalofficial,ARY Digital,"18,717","21,739","43,143,377"
23,A+,wochit,Wochit,"304,140","20,957","100,591,132"
24,A+,cbsnews,CBS News,"80,404","20,872","42,545,088"
25,A+,entertainmenttonight,Entertainment Tonight,"30,174","20,628","42,454,479"
